id,grupo,nome,temas,url,situacao,verificado_em,descricao,observacao
sec-mulher,secretaria,Secretaria da Mulher,mulher;assistencia,https://rioclaro.sp.gov.br/secretaria/secretaria-da-mulher/,conferido,2026-10-09,"Ações e orientação para mulheres no município. A verificação do ""De mulher para mulher"" passa por ela.",O telefone e o endereço estão no catálogo de serviços.
sec-desenv-social,secretaria,Secretaria de Desenvolvimento Social,assistencia;mulher,https://rioclaro.sp.gov.br/secretaria/secretaria-de-desenvolvimento-social/,conferido,2026-10-09,Assistência social e programas para as famílias.,
sec-fundo-social,secretaria,Fundo Social de Solidariedade,assistencia;trabalho,https://rioclaro.sp.gov.br/secretaria/fundo-social-de-solidariedade/,conferido,2026-10-09,Informações sobre cursos e programas sociais.,
sec-desenv-economico,secretaria,Secretaria de Desenvolvimento Econômico,trabalho,https://rioclaro.sp.gov.br/secretaria/secretaria-de-desenvolvimento-economico/,conferido,2026-10-09,"Emprego, empreendedorismo e crédito: a página cita o PAT, o Conecta Emprego e o Centro de Inovação.",
sec-educacao,secretaria,Secretaria da Educação,educacao,https://rioclaro.sp.gov.br/secretaria/secretaria-da-educacao/,conferido,2026-10-09,Rede municipal de ensino e informações sobre matrícula na educação infantil.,
sec-deficiencia,secretaria,Secretaria dos Direitos da Pessoa com Deficiência,assistencia;cidadania,https://rioclaro.sp.gov.br/secretaria/secretaria-municipal-dos-direitos-da-pessoa-com-deficiencia/,conferido,2026-10-09,Direitos e acessibilidade para pessoas com deficiência.,
sec-mobilidade,secretaria,Secretaria de Mobilidade Urbana e Sistema Viário,cidade,https://rioclaro.sp.gov.br/secretaria/secretaria-de-mobilidade-urbana-e-sistema-viario/,conferido,2026-10-09,"Trânsito, transporte e sistema viário.",
sec-planejamento,secretaria,Secretaria de Planejamento,cidade;cidadania,https://rioclaro.sp.gov.br/secretaria/secretaria-de-planejamento/,conferido,2026-10-09,"Planejamento, gestão e desenvolvimento urbano.","Existe também o endereço ""secretaria-de-planejamento-e-habitacao"" (abaixo): confirme qual está em uso."
sec-ouvidoria,secretaria,Ouvidoria,cidadania,https://rioclaro.sp.gov.br/secretaria/ouvidoria/,conferido,2026-10-09,"Canal para reclamações, sugestões e elogios sobre os serviços da Prefeitura.",Números de telefone da Ouvidoria vistos em fontes secundárias; confirme na página.
sec-administracao,secretaria,Secretaria de Administração,outras,https://rioclaro.sp.gov.br/secretaria/secretaria-de-administracao/,listado,,,
sec-agricultura,secretaria,Secretaria da Agricultura,outras,https://rioclaro.sp.gov.br/secretaria/secretaria-da-agricultura/,listado,,,
sec-comunicacao,secretaria,Secretaria de Comunicação,outras,https://rioclaro.sp.gov.br/secretaria/secretaria-de-comunicacao/,listado,,,
sec-cultura,secretaria,Secretaria de Cultura,lazer,https://rioclaro.sp.gov.br/secretaria/secretaria-de-cultura/,listado,,"Cultura, teatro, museus, eventos e oficinas.",Procure aqui a programação e os horários: o MISM3 só publica horário depois de conferir a fonte.
sec-esportes,secretaria,Secretaria de Esportes,lazer,https://rioclaro.sp.gov.br/secretaria/secretaria-de-esportes/,listado,,"Esporte, atividade física e espaços esportivos.",Procure aqui a programação e os horários: o MISM3 só publica horário depois de conferir a fonte.
sec-financas,secretaria,Secretaria de Finanças,outras,https://rioclaro.sp.gov.br/secretaria/secretaria-de-financas/,listado,,,
sec-governo,secretaria,Secretaria de Governo e Relações Institucionais,outras,https://rioclaro.sp.gov.br/secretaria/secretaria-de-governo-e-relacoes-institucionais/,listado,,,"Há também o endereço ""secretaria-municipal-de-relacoes-institucionais"": confirme qual está em uso."
sec-relacoes-inst,secretaria,Secretaria Municipal de Relações Institucionais,outras,https://rioclaro.sp.gov.br/secretaria/secretaria-municipal-de-relacoes-institucionais/,listado,,,Pode ser o mesmo órgão da linha anterior com outro nome.
sec-justica,secretaria,Secretaria de Justiça,outras,https://rioclaro.sp.gov.br/secretaria/secretaria-de-justica/,listado,,,
sec-meio-ambiente,secretaria,Secretaria de Meio Ambiente e Desenvolvimento Sustentável,outras,https://rioclaro.sp.gov.br/secretaria/secretaria-de-meio-ambiente-e-desenvolvimento-sustentavel/,listado,,,
sec-obras,secretaria,Secretaria de Obras,outras,https://rioclaro.sp.gov.br/secretaria/secretaria-de-obras/,listado,,,
sec-planejamento-habitacao,secretaria,Secretaria de Planejamento e Habitação,cidade,https://rioclaro.sp.gov.br/secretaria/secretaria-de-planejamento-e-habitacao/,listado,,,Pode ser o nome mais recente da Secretaria de Planejamento: confirme qual está em uso.
sec-seguranca,secretaria,Secretaria de Segurança e Defesa Civil,cidade;cidadania,https://rioclaro.sp.gov.br/secretaria/secretaria-de-seguranca-e-defesa-civil/,listado,,,
sec-servicos-publicos,secretaria,Secretaria de Serviços Públicos,outras,https://rioclaro.sp.gov.br/secretaria/secretaria-de-servicos-publicos/,listado,,,
sec-turismo,secretaria,Secretaria de Turismo,lazer,https://rioclaro.sp.gov.br/secretaria/secretaria-de-turismo/,listado,,"Turismo, passeios e eventos da cidade.",Procure aqui a programação e os horários: o MISM3 só publica horário depois de conferir a fonte.
canal-prefeitura,canal,Prefeitura de Rio Claro (página inicial),cidadania,https://rioclaro.sp.gov.br/,conferido,2026-10-09,"Notícias, secretarias e serviços.",
canal-portal-servicos,canal,Portal de Serviços,cidadania;assistencia,https://rioclaro.sp.gov.br/portal-de-servicos/,conferido,2026-10-09,Catálogo de serviços da Prefeitura.,
canal-carta-servicos,canal,Carta de Serviços,cidadania,https://cartadeservicos.rioclaro.sp.gov.br/,listado,,"Descrição de cada serviço, documentos necessários e prazos.",Endereço visto em levantamento anterior; confirme se abre.
canal-telefones,canal,Telefones úteis,cidadania,https://rioclaro.sp.gov.br/telefones-uteis/,listado,,Contatos por órgão.,Útil para conferir telefones do catálogo.
canal-fale-conosco,canal,Fale conosco,cidadania,https://rioclaro.sp.gov.br/fale-conosco/,listado,,Canal de contato com a Prefeitura.,
canal-transparencia,canal,Portal da Transparência,cidadania,https://transparencia.rioclaro.sp.gov.br/,conferido,2026-10-09,"Orçamento, contratos e convênios.",Não foi confirmada uma API aberta nem dados estruturados para reaproveitar.
canal-vagas,canal,Portal da Empregabilidade (vagas),trabalho,https://vagas.rioclaro.sp.gov.br/,listado,,Oportunidades de trabalho e informações para trabalhadores.,
saude-fundacao,saude,Fundação Municipal de Saúde (site),saude,https://www.saude-rioclaro.org.br/,conferido,2026-10-09,"Site da Saúde: unidades, protocolos, vigilância e relatórios.",
saude-guia-ubs,saude,Guia das Unidades Básicas de Saúde,saude,https://www.saude-rioclaro.org.br/UBS/endeubs.html,conferido,2026-10-09,"Endereço, telefone, horário e bairros atendidos por cada UBS.",Página sem data de atualização.
saude-ubs-prefeitura,saude,Unidades Básicas de Saúde (página da Prefeitura),saude,https://rioclaro.sp.gov.br/unidades-basicas-de-saude/,conferido,2026-10-09,"Urgências 24 horas, UBS e Unidades de Saúde da Família.",Os dados dela e do guia da Saúde nem sempre coincidem: veja os avisos na página Saúde.
saude-usf,saude,Unidades de Saúde da Família,saude,https://rioclaro.sp.gov.br/unidades-saude-familia/,conferido,2026-10-09,Lista de USF da Prefeitura.,
saude-postos,saude,Postos de Saúde e urgência,saude,https://rioclaro.sp.gov.br/postos-de-saude/,conferido,2026-10-09,Postos e unidades de urgência.,
saude-enderecos,saude,Endereços das unidades (Saúde),saude,https://www.saude-rioclaro.org.br/enderecos.htm,listado,,Endereços e horários.,Página antiga: confirme os dados.
saude-24h,saude,Atendimento 24 horas (Saúde),saude,https://www.saude-rioclaro.org.br/atendimento%2024h.htm,listado,,Unidades de urgência e pronto atendimento.,
saude-vigilancia,saude,Vigilância Epidemiológica,saude,https://www.saude-rioclaro.org.br/ve.htm,conferido,2026-10-09,Boletins e informações de vigilância.,A página mostra menus; não foi confirmada uma série de dados pronta para baixar.
saude-pop-negra,saude,Saúde da População Negra,saude;mulher,https://www.saude-rioclaro.org.br/saudedapopulacaonegra.htm,conferido,2026-10-09,Informações da política de saúde da população negra.,
doc-protocolo-mama,documento,Protocolo de câncer de mama,saude;mulher,https://www.saude-rioclaro.org.br/protocolos/Protocolo%20CA%20de%20mama.pdf,conferido,2026-10-09,Documento técnico do município sobre rastreamento e cuidado do câncer de mama.,"Feito para profissionais. Para marcar exame, procure a sua UBS. O nome do arquivo já apareceu com outra grafia: se não abrir, procure o protocolo na página de protocolos."
doc-protocolo-colo,documento,Protocolo de câncer do colo do útero (2026),saude;mulher,https://www.saude-rioclaro.org.br/protocolos/Protocolo%20CA%20colo%20do%20utero%202026.pdf,conferido,2026-10-09,Documento técnico do município sobre o câncer do colo do útero.,"Feito para profissionais. Para marcar exame (inclusive Papanicolau), procure a sua UBS."
doc-rag-2023,documento,Relatório Anual de Gestão 2023 (Saúde),saude,https://www.saude-rioclaro.org.br/uac/RAG%202023.pdf,listado,,Metas e cobertura por serviço.,Contexto para o painel de gestão; cite sempre o ano.
doc-rag-2022,documento,Relatório Anual de Gestão 2022 (Saúde),saude,https://www.saude-rioclaro.org.br/uac/RAG%202022.pdf,listado,,Metas e cobertura por serviço.,
